mean,std,max,min,range,spikes,skew,kurtosis,rise_time,label
0.5153221172786002,0.04670906726778023,0.7380337321451946,0.4646026629060887,0.27343106923910593,32,3.284126275423567,10.95379978093651,0.0,1
0.5033193710224836,0.013664770067363273,0.5299555167457807,0.4699422003550492,0.060013316390731486,0,-0.22015375998923128,-1.018705658819928,0.0,0
0.5109016019117648,0.03987998442874743,0.718742522888822,0.4699915812529151,0.24875094163590689,17,4.16214799707298,18.326925858663216,0.0,1
0.5036878763643959,0.013922939910321659,0.534188365698605,0.4697219574065417,0.06446640829206324,0,-0.312016092975863,-0.9281398446647353,0.0,0
0.5036598218126327,0.01428063656419662,0.5340623418545279,0.4705081097014673,0.06355423215306066,0,-0.34247497670880833,-0.9052101975402813,0.0,0
0.5289648573067693,0.01518990484660041,0.5607247956591724,0.4945545861792693,0.06617020947990315,0,-0.06954986054828105,-0.9528669100578293,0.0,1
0.5300512990342275,0.020753196854167332,0.5762210851267874,0.4785963480906697,0.09762473703611768,0,-0.18402199999684937,-0.6097731019428458,0.001,1
0.503907783755669,0.014120177039323995,0.5324077735803477,0.4698789584727261,0.06252881510762165,0,-0.3373511859287642,-0.9657019428871743,0.0,0
0.5032956233692846,0.013895370618492022,0.5305278395345668,0.46991107686664646,0.060616762667920376,0,-0.32799512771263595,-0.9404941606480834,0.0,0
0.5083475713984856,0.029933826201665112,0.682691717999721,0.4686888906207687,0.21400282737895227,12,4.165192410976812,21.4118928987777,0.0,1
0.503816591633193,0.014212811744331285,0.5336458074746016,0.46975036839913203,0.06389543907546952,0,-0.3162080969623492,-0.9109832254332675,0.0,0
0.5031884089036559,0.0140479331407129,0.5346548725397816,0.470427868063065,0.06422700447671659,0,-0.30322471129702505,-0.9447008073659884,0.0,0
0.5036682688145245,0.02594584140524189,0.5568384047329858,0.4465772700122366,0.11026113472074922,0,-0.16425131461999024,-0.7940123746439278,0.0,1
0.5038524374958856,0.014113904421443498,0.5311354157306005,0.47186216468257564,0.05927325104802489,0,-0.34392930914624065,-0.9068818797667566,0.0,0
0.5347758410685025,0.016236967657710776,0.5729058808660541,0.49848894610254396,0.07441693476351013,0,0.060872629095946235,-0.9930189515482346,0.0,1
0.5296041006975208,0.019233193050879057,0.5695414388417339,0.4826621206583833,0.0868793181833506,0,-0.16461226816945293,-0.5471036315811362,0.002,1
0.5287541265435689,0.01959610672197497,0.5762922460683881,0.48179157210635,0.09450067396203815,0,-0.037674359784852895,-0.684925343927127,0.001,1
0.5033776432489725,0.014547017329063577,0.5330060137092998,0.465580147265442,0.06742586644385778,0,-0.32166512724554197,-0.9235210997642236,0.0,0
0.5288660355013524,0.020233565183310348,0.5728494722652211,0.4758785049373265,0.09697096732789462,0,-0.0926536851075106,-0.48129764331897595,0.0,1
0.5037212341382484,0.026599273551952334,0.5572757576144018,0.44300474976641663,0.11427100784798522,0,-0.1787643503456025,-0.8021187877539351,0.0,1
0.503636689718702,0.02672611118747552,0.560452415396734,0.43920902418980995,0.12124339120692401,0,-0.1293445482269923,-0.7715883018776255,0.0,1
0.5037158800668234,0.026141570724270334,0.5548347597641445,0.443572973601178,0.11126178616296656,0,-0.15716872018614403,-0.7915972957125748,0.0,1
0.5389041856399301,0.019334444043861518,0.5814379608456716,0.49423899480764794,0.08719896603802363,0,-0.07790320635651218,-1.053959219035217,0.0,1
0.5038871083213879,0.026010958920216896,0.5571051289679246,0.44390252099527355,0.11320260797265108,0,-0.14034782172945243,-0.81330817269026,0.0,1
0.5033913575540512,0.014057661686363852,0.531222319454203,0.47104660917066954,0.06017571028353341,0,-0.2766258155819082,-1.0120888833145836,0.0,0
0.528298917156383,0.0203990481148899,0.5748849635542529,0.4759103603449293,0.09897460320932361,0,-0.15578767167710075,-0.5646015829088036,0.0,1
0.5037117118007113,0.02634012771880779,0.5554222393778017,0.4408216500436431,0.11460058933415856,0,-0.12881698442110398,-0.8301316530732228,0.0,1
0.5034448655297252,0.013713919317882696,0.5345529649691245,0.4716077447300335,0.06294522023909105,0,-0.33524022301337836,-0.9097778471686477,0.0,0
0.5035997571516116,0.014523513243050824,0.5320960479661092,0.468535545021602,0.06356050294450721,0,-0.3606871201822495,-0.9949819365353996,0.0,0
0.5038370167197013,0.0267123580572144,0.5646091117337921,0.44712861876991356,0.11748049296387858,0,-0.11302611724897736,-0.797792599025037,0.0,1
0.5293368692783986,0.020573716471151204,0.5746066121184694,0.47748375917670993,0.09712285294175949,0,-0.14804096006610748,-0.6252411852685067,0.002,1
0.52893126745359,0.020579939256949568,0.5746529723360325,0.47874834774118646,0.09590462459484606,0,-0.051990056817650544,-0.6045805962628497,0.001,1
0.5573413034021247,0.023257378680277357,0.6007163671324697,0.49211801977078984,0.10859834736167984,1,-0.5715763865141024,-0.3573042002283895,0.0,1
0.503598475490519,0.014519974133031783,0.5319782143697246,0.46658495899619074,0.06539325537353385,0,-0.3959081477580744,-0.8382929161198365,0.0,0
0.5035212558333608,0.014169433863648134,0.5359714736760949,0.47099184771044356,0.06497962596565132,0,-0.2953015148415925,-0.8834690889208745,0.0,0
0.53739255213567,0.017447784271883985,0.5753663776581122,0.4944976719207798,0.08086870573733235,0,0.08589183025140859,-0.9714961115450165,0.0,1
0.5356092279398275,0.017502015438267505,0.5777742031269225,0.4949021894100964,0.08287201371682612,0,0.012735649883149043,-0.9616407258231758,0.0,1
0.5039258413655836,0.014412968512934715,0.5355009275635444,0.47088489066271494,0.06461603690082945,0,-0.3342692558160603,-0.9774780789785149,0.0,0
0.5031523869431415,0.01427981076274943,0.530747919615572,0.4709910047545902,0.05975691486098178,0,-0.309040574706402,-1.0389198111334832,0.0,0
0.5035522276825312,0.014210430773118007,0.5294252612900107,0.4694969552629206,0.05992830602709004,0,-0.36528165933887813,-0.9032189890799884,0.0,0
0.5034812510873177,0.025813496008906835,0.5556843071909499,0.44464310976783483,0.11104119742311502,0,-0.16947141542750546,-0.7769856227966834,0.0,1
0.5035943410332225,0.01419799392390665,0.5295836469522919,0.4666974140956417,0.06288623285665018,0,-0.34964624948290396,-0.9730835096784105,0.0,0
0.5180503257456948,0.050362351659922734,0.7294007963133218,0.47011053992785223,0.25929025638546954,35,3.0460520409179273,8.579261572876575,0.0,1
0.5035863443954343,0.013853283745738467,0.5344534872027425,0.4697877538896883,0.06466573331305425,0,-0.3219558865986656,-0.9646741295686212,0.0,0
0.5036755173642633,0.014137372386597685,0.5296444456426554,0.46717336115339797,0.06247108448925748,0,-0.3979895956558305,-0.891267204555632,0.0,0
0.5039530970313011,0.01428668157467045,0.5322959593067138,0.46855048557740064,0.06374547372931316,0,-0.3385386141852471,-0.8439233138300124,0.0,0
0.5035592633888469,0.013937444756185623,0.530016466604915,0.47259042718373556,0.05742603942117941,0,-0.3282025806599135,-0.9395757817503441,0.0,0
0.5034835235619286,0.014662549291208991,0.5318508579456763,0.46797629836723287,0.06387455957844346,0,-0.3220224857673039,-0.8811754323031868,0.0,0
0.5035881530564418,0.02593369288399496,0.5563424899915825,0.44571850762429704,0.11062398236728549,0,-0.13718512840021174,-0.8324961418094943,0.0,1
0.5035572592905209,0.014100948244999294,0.5295201141336157,0.4665690292575621,0.06295108487605355,0,-0.29047371674784056,-0.9320458018289761,0.0,0
0.5035390624513172,0.01377462704155925,0.5302841905045045,0.47047280783762113,0.05981138266688335,0,-0.3727610417787905,-0.8710539280583638,0.0,0
0.50398456632381,0.014035459877462509,0.5328303959350684,0.468121590052207,0.06470880588286143,0,-0.3758516184350792,-0.8565160991010479,0.0,0
0.5038294822488318,0.014317206358384457,0.5311402318262555,0.46617732836050935,0.06496290346574612,0,-0.4001768294674908,-0.8987906656539635,0.0,0
0.5446343966029585,0.020329645440676537,0.5820073828686725,0.49468067340485317,0.08732670946381932,0,-0.1184152588500155,-1.0035192301782399,0.0,1
0.503896127978116,0.01374272845974244,0.5366340305965194,0.4719476760659141,0.06468635453060528,0,-0.3782895445961294,-0.8837567313159269,0.0,0
0.5033615127760578,0.014055062775888968,0.5304042230177197,0.4688154144642326,0.06158880855348714,0,-0.36104012783416617,-0.9620336334536796,0.0,0
0.5036351590896329,0.013920284275102208,0.5315620818479396,0.4726514203520147,0.05891066149592494,0,-0.3643879701102141,-0.9654016417120701,0.0,0
0.5031760360860765,0.014332751065480228,0.5336846830991346,0.4705970459334941,0.06308763716564053,0,-0.41964324612316667,-0.9255498892975238,0.0,0
0.503736524712601,0.014280792423051561,0.5318656089606104,0.46939626624748226,0.06246934271312815,0,-0.3347171155216615,-1.049381824574613,0.0,0
0.5041514218812634,0.014057081343280807,0.5302420976751642,0.4674927062747111,0.06274939140045305,0,-0.3478718140123961,-0.9128512370573225,0.0,0
0.515664592269464,0.05858127598757865,0.8592244848732622,0.4697231370854233,0.3895013477878389,26,4.382845188114719,20.133602915602093,0.0,1
0.5114702883375228,0.03374392559939788,0.6627842374297991,0.4719844876568852,0.19079974977291386,27,2.929033287113731,9.293818869343484,0.0,1
0.511011313722441,0.03888852457334687,0.7190838947701911,0.4642869171878751,0.25479697758231595,16,4.310024803291165,19.748908203861713,0.0,1
0.5080053015581827,0.03514132630175356,0.7367092997384906,0.47135228982726873,0.2653570099112219,11,5.0259697345592835,28.537079726500714,0.0,1
0.5038099198006416,0.014630734846465406,0.533179330845281,0.4698701456013296,0.0633091852439514,0,-0.28476036058519616,-0.9610823597506726,0.0,0
0.5039287142732676,0.014405103613983514,0.5336369869398352,0.4698467911141159,0.06379019582571926,0,-0.3321263860639996,-0.9545764143739133,0.0,0
0.5102151284236955,0.03431831477575984,0.6829851437322354,0.4707156738849419,0.2122694698472935,24,3.150079711541389,11.158049654396628,0.0,1
0.5034246550879314,0.014212149110814287,0.5289591229457946,0.4679007481488184,0.061058374796976234,0,-0.39941353573686206,-0.936604531289114,0.0,0
0.5035671699100558,0.014133240040026678,0.5359260620861523,0.46603879556804634,0.069887266518106,0,-0.3171018203702154,-0.8723778036016281,0.0,0
0.5288745688146587,0.020888948931545342,0.5766951017364328,0.477068382913282,0.09962671882315077,0,-0.10257822777184525,-0.484169708930565,0.0,1
0.5034816277366432,0.026192427953756727,0.5553764158794768,0.44031846687465187,0.11505794900482497,0,-0.1714964884284655,-0.7846813261732346,0.0,1
0.5037404585308369,0.025646771724608018,0.5553425702956055,0.4457919564646793,0.10955061383092624,0,-0.11732957591248529,-0.785546376275768,0.0,1
0.551959878123479,0.021920556092460724,0.5943261380416012,0.49385796065160587,0.1004681773899953,0,-0.347786240773395,-0.7474710670834765,0.0,1
0.5128023572316911,0.03730971351223369,0.6769678196035396,0.4706140162394288,0.2063538033641108,29,2.9754540165967365,9.08523834826365,0.0,1
0.5092886524420264,0.03331882765290155,0.7013863789067303,0.4675528895574719,0.2338334893492584,13,4.376357461535106,22.071907590461592,0.0,1
0.5333693542123312,0.017924416025029234,0.5702360987241171,0.4958363645823264,0.07439973414179069,0,0.022932083554591334,-0.9894907887580868,0.0,1
0.539319508719821,0.017814798568948673,0.5767754753388082,0.49749691791113854,0.0792785574276697,0,0.03397153187968119,-1.0356804380317048,0.0,1
0.5037733717354341,0.014180120187177375,0.5315616511978217,0.4704956581304129,0.06106599306740884,0,-0.23738551237177685,-0.9526330175762756,0.0,0
0.5097411395497913,0.033753716676909185,0.6730163578101416,0.4712215759125474,0.2017947818975942,19,3.535536996836158,13.957728926610265,0.0,1
0.5109773828343759,0.03959813215731541,0.7292916675244785,0.46726659727346825,0.26202507025101024,25,3.788264603339562,16.400538309861336,0.0,1
0.5038257110460885,0.014447359745305251,0.532981609211298,0.4692725877984977,0.06370902141280033,0,-0.3704823131827681,-0.8641784314190537,0.0,0
0.5035212451624137,0.014358285673928379,0.5326561745029944,0.4715200842753248,0.06113609022766958,0,-0.2969999715664622,-0.9515267669937426,0.0,0
0.5080450155729557,0.027995555752036792,0.6537939310809839,0.4683955277583463,0.18539840332263763,15,3.380451961870056,14.652698936789708,0.0,1
0.503787213626266,0.014029313211567042,0.5357927245181491,0.47045572251181667,0.06533700200633241,0,-0.29817436157633975,-0.9433243900140265,0.0,0
0.5031693720944153,0.026176099801002398,0.560253576888679,0.4419341003262665,0.11831947656241254,0,-0.1262152249608447,-0.7862510390828863,0.0,1
0.5041336558898455,0.013737949426311251,0.5327353883201551,0.47161251078812205,0.06112287753203305,0,-0.3074058629545682,-0.9990587560835693,0.0,0
0.5035536555881407,0.013605476271617843,0.5281214996426168,0.4672961234637231,0.060825376178893664,0,-0.35328913502412645,-0.9535539206973538,0.0,0
0.528807510557559,0.020497002938022313,0.5728998376404725,0.471711172390826,0.10118866524964648,0,-0.09973047620311605,-0.49552977371730655,0.005,1
0.5034082231711049,0.026108661745517656,0.5571358989937304,0.4389377193210506,0.11819817967267982,0,-0.1779438442131034,-0.7586947914170836,0.0,1
0.5129308992121259,0.04627769984126018,0.7436613282221785,0.4706011698470854,0.27306015837509306,19,4.154972780593814,17.363038501802023,0.0,1
0.5036124691399376,0.026095401191408518,0.5569724074526239,0.43919236279704393,0.11778004465557995,0,-0.1365184373349554,-0.7583636810536647,0.0,1
0.5287711422091833,0.019790132296604247,0.5771657789378369,0.4819279771153556,0.09523780182248132,0,0.0784629727713564,-0.570200479685429,0.001,1
0.5061841710212209,0.020255148033145834,0.6086676408656997,0.4660707282248896,0.1425969126408101,6,2.048982434732979,8.761931171304052,0.0,1
0.5285833765142834,0.02017059924926808,0.5727417410466774,0.48167092837954556,0.09107081266713185,0,-0.2083782258441122,-0.6107867518797523,0.0,1
0.5276179332883375,0.020423156053644677,0.5798492395642951,0.47448998509771617,0.10535925446657896,0,-0.1997458620055257,-0.3784437170623005,0.0,1
0.5162129791672024,0.0523018396656794,0.7331764628050489,0.46646138038841406,0.26671508241663483,29,3.356826435992956,10.400311887070046,0.0,1
0.5036470216420402,0.01414049442479427,0.5318007083948405,0.4712326087693435,0.06056809962549703,0,-0.33080011102456147,-1.0020956138786883,0.0,0
0.5039544554919642,0.013983525573318124,0.5308335357709487,0.4680349942183553,0.0627985415525934,0,-0.41163027359133336,-0.7956966326489305,0.0,0
0.5478516353367341,0.021186707260387516,0.5901754644863972,0.4969027400869282,0.09327272439946904,0,-0.2365118533737149,-0.9660547074332437,0.0,1
0.5036076536437184,0.014392314738393542,0.5322223822076899,0.46703569625527946,0.06518668595241045,0,-0.389957507442636,-0.8963281883657048,0.0,0
0.5040177996076918,0.01437829537801948,0.5306841088163288,0.4702754864964825,0.060408622319846283,0,-0.39068399006637916,-0.9067665069601261,0.0,0
0.53636850249234,0.017427115400682758,0.5752362768048039,0.49192282971269685,0.08331344709210708,0,0.048241814477402695,-0.9100463235905742,0.0,1
0.50343320849856,0.014112526379199504,0.5320554320813843,0.47168313911743404,0.06037229296395025,0,-0.257451292728557,-0.9873446097638232,0.0,0
0.5286706387949063,0.019922556081307323,0.5797675425817419,0.47989184366446797,0.09987569891727394,0,-0.07804695716323565,-0.6891864471891038,0.007,1
0.5291454994736755,0.01588993212407724,0.5615655819575534,0.49485412487260894,0.06671145708494441,0,-0.012990577725982125,-1.0177233180268865,0.0,1
0.5035443153935174,0.014625260293678364,0.5333747022665717,0.4686004139534913,0.06477428831308041,0,-0.279191375705361,-0.9767158797696958,0.0,0
0.5479444969759495,0.020918484801429008,0.595058553614896,0.49685320384100967,0.09820534977388634,0,-0.20234904138062815,-0.9629594241861579,0.0,1
0.5038547936490508,0.014033594656243806,0.5332727434954299,0.47003579808872653,0.06323694540670333,0,-0.3161993927842989,-0.9628711947297011,0.0,0
0.5289917368290007,0.019994098542995924,0.5761227937796414,0.47890742664426533,0.09721536713537604,0,0.039555456085645035,-0.5754286984167223,0.001,1
0.5038615208139845,0.014446256175066483,0.5345433289122364,0.47201077501324257,0.06253255389899387,0,-0.2860156125142049,-0.9920192963274665,0.0,0
0.5040149636226428,0.014617071021229227,0.5325164212068226,0.46815473975915395,0.06436168144766868,0,-0.324924559618658,-0.9781446914925964,0.0,0
0.5401065809942377,0.017759369263808285,0.5747924419919239,0.4976337779652329,0.07715866402669103,0,-0.0672621660178996,-0.9956431255122369,0.0,1
0.5392721696518914,0.017734128862433255,0.574782827420179,0.49000789879263174,0.08477492862754732,0,-0.06452309455846807,-0.9936464783324186,0.0,1
0.5035825884343001,0.01434035835645448,0.5315118614716162,0.4697027705666059,0.0618090909050103,0,-0.36320725026905115,-0.8263053797494746,0.0,0
0.5038096856533982,0.026017724261938557,0.5578139500188215,0.4441856490945827,0.11362830092423881,0,-0.1624831405197233,-0.8531286129817754,0.0,1
0.503588968384908,0.026148294356993472,0.5573816265975226,0.4410363948111474,0.11634523178637513,0,-0.1633958586808035,-0.7271577803124871,0.0,1
0.5035476481886488,0.014422478552977801,0.5300582316843496,0.4683213542110071,0.0617368774733425,0,-0.29997906230623583,-0.9746263540096054,0.0,0
0.5035836859577547,0.014384923337999712,0.5324527506314408,0.4688020788407218,0.06365067179071904,0,-0.26646942081403757,-1.0433840835255945,0.0,0
0.5035276342576136,0.014141019948496583,0.5292349324378945,0.46856053631092615,0.0606743961269684,0,-0.3163178965526894,-0.9252509866766507,0.0,0
0.5034496069050401,0.014136439024325407,0.5332081167276249,0.4719367006383214,0.06127141608930353,0,-0.25603245582973255,-0.8780726294021268,0.0,0
0.5038994943754284,0.01417107021800058,0.5300981952594962,0.4729425004974783,0.05715569476201787,0,-0.24848325226681964,-0.994762149523623,0.0,0
0.5033399168463705,0.013948319027176467,0.5303996895068284,0.4720256708462037,0.05837401866062464,0,-0.31768083408785897,-0.9665054991780191,0.0,0
0.5035026448353436,0.02606278686237115,0.5547648476640272,0.44240845671555606,0.11235639094847116,0,-0.1842845354837687,-0.7828045340737813,0.0,1
0.5037452520058073,0.014343709207958903,0.5340569184753804,0.4669547632419872,0.06710215523339319,0,-0.3007428011340898,-0.8074561912218421,0.0,0
0.5038820027924721,0.013822725718877276,0.5311373585864314,0.4700595343645345,0.06107782422189689,0,-0.3481956468016234,-0.9074226223751198,0.0,0
0.503571222944813,0.014040897704202795,0.5314971218000609,0.46966842957023736,0.06182869222982357,0,-0.2986371403843411,-0.9958750676518386,0.0,0
0.5038476780157092,0.026362636580746696,0.5642452828933602,0.44432666170560736,0.11991862118775282,0,-0.0919056714649056,-0.8002396178601012,0.0,1
0.5037349232786176,0.014318165720080408,0.5302226526811797,0.47042002902893176,0.05980262365224798,0,-0.28777804282127617,-0.9441000283987506,0.0,0
0.5034007201293396,0.013909136978405595,0.529494494555963,0.47073976001717005,0.05875473453879293,0,-0.2862405624590346,-0.956019347776436,0.0,0
0.5297145092726483,0.020552296609433276,0.5749196718088689,0.47846770264716804,0.0964519691617009,0,-0.13725154249280297,-0.6313595285881437,0.0,1
0.5036191298403598,0.014459012504666165,0.5315437586685976,0.4704500474695449,0.061093711199052714,0,-0.28447651022068293,-0.9579100933780729,0.0,0
0.5035756238129782,0.014252850114802009,0.5300351304906972,0.47165037051335446,0.058384759977342715,0,-0.35139380445072194,-0.9564091925995295,0.0,0
0.528756917001035,0.019676144968498187,0.5767007057890358,0.4818916609641248,0.09480904482491098,0,-0.026520708941346154,-0.49858288790752114,0.001,1
0.5037682758096441,0.025963385942885626,0.553994291862208,0.44567496750490754,0.10831932435730052,0,-0.13820613382193875,-0.8157004439460862,0.0,1
0.5038690089335587,0.014167869582143671,0.5318587072162966,0.4728563216437841,0.05900238557251247,0,-0.2601140804705932,-1.047254945887856,0.0,0
0.5035455677931867,0.014313574972134771,0.5296314519270234,0.4697330652603838,0.05989838666663966,0,-0.35265903301156865,-0.9537612834850262,0.0,0
0.5037011312648539,0.014005790029820855,0.5325976001279615,0.47126662593572605,0.06133097419223549,0,-0.2561680938587251,-0.9234886516496568,0.0,0
0.5036841519905341,0.013863387677925073,0.5297656268531293,0.4710315221986219,0.05873410465450746,0,-0.3619461803952156,-0.90147645759895,0.0,0
0.5034524997937193,0.014595737686950163,0.5318725389444768,0.4704245746127313,0.06144796433174554,0,-0.2604358850505811,-1.0588194415265957,0.0,0
0.5322482818314495,0.018148418488374878,0.5740661372992338,0.4942807171005547,0.07978542019867912,0,0.026079414076585365,-1.083019160906802,0.0,1
0.5034963515538757,0.014172899650181781,0.529277869496133,0.4663729251694107,0.06290494432672228,0,-0.3850201687491666,-0.9758129557181796,0.0,0
0.5035744290066837,0.013878235532062435,0.5293687437879443,0.4706567520771381,0.05871199171080621,0,-0.30465485536497,-1.0358031784497042,0.0,0
0.5132931269984563,0.03709716845363322,0.6767021032589451,0.47205459994999976,0.20464750330894532,25,2.849218540378141,8.727342922894268,0.0,1
0.5033709762093426,0.014128140529775944,0.5293291125354527,0.4671159375354098,0.062213175000042864,0,-0.3313439804576329,-0.8999439602090376,0.0,0
0.5070581130941649,0.028034094189294985,0.6574357744271684,0.47016316795978,0.18727260646738836,14,3.6024582355319894,16.377054504605606,0.0,1
0.5301237015132076,0.016307180229344482,0.5681134665664552,0.49224384593757947,0.07586962062887576,0,-0.056972493884373955,-0.961243017527448,0.0,1
0.5035861846547004,0.01417166205697439,0.5308493374945805,0.46769108782403934,0.06315824967054118,0,-0.340064152062095,-0.9325603765484769,0.0,0
0.5040012300943925,0.0144866812536814,0.5334512029458879,0.46871684744534237,0.06473435550054552,0,-0.37479293275335945,-0.9132491559816511,0.0,0
0.5295235015940756,0.02015170124121252,0.5786196212681167,0.47796609780684185,0.10065352346127487,0,0.005167201816922508,-0.5877914800131037,0.004,1
0.5031260537933598,0.026044218137611593,0.5585540546789594,0.4447463766870566,0.11380767799190278,0,-0.18109987669102146,-0.7991748573492519,0.0,1
0.503589539124855,0.014355846278160953,0.5284893991885584,0.46822990683155286,0.06025949235700556,0,-0.3415795666541818,-0.9881097531536405,0.0,0
0.503289726837586,0.014141375870379674,0.5302124884557988,0.46815461415507004,0.06205787430072879,0,-0.3329317593109455,-0.9429965183588433,0.0,0
0.5036647829661455,0.014122790320357027,0.5306546657657338,0.4705393014007271,0.06011536436500675,0,-0.368677223563577,-0.8353130664053143,0.0,0
0.5034422988232645,0.01418881522954744,0.5303840462922437,0.46938911434733793,0.06099493194490574,0,-0.32551525957128835,-0.9612173146612779,0.0,0
0.5446704572895982,0.019572068782643573,0.5831953485279768,0.4904172348787391,0.09277811364923771,0,-0.1539195094832345,-0.926056797129652,0.0,1
0.5287884130100817,0.0201779258768453,0.5753097919447759,0.47705267843256377,0.09825711351221217,0,-0.10020503750619005,-0.6011551185714614,0.001,1
0.5038700373719214,0.014498590774895185,0.5330650940198097,0.46982904543706056,0.06323604858274917,0,-0.3638965685772228,-0.9525661087873183,0.0,0
0.5039949429413768,0.014198874639067813,0.5342985649825348,0.47333514804142524,0.06096341694110957,0,-0.2927578703261851,-1.0299872639436254,0.0,0
0.5333507291868709,0.01857014118557821,0.5723077517424906,0.49513178003838143,0.07717597170410917,0,0.009526435141399898,-1.0595788484886233,0.0,1
0.5035725220961703,0.014415887516243057,0.5309262645754108,0.46883132006888373,0.06209494450652708,0,-0.3340340657155018,-0.9000605504029693,0.0,0
0.5038941104004597,0.013982759775004443,0.5298422907426549,0.4689979062132362,0.06084438452941865,0,-0.4118151664142077,-0.8856963414607675,0.0,0
0.5382547313583407,0.018286843860863974,0.5732083568775558,0.4896771877850274,0.08353116909252839,0,0.02454935723309823,-1.0522013422182728,0.0,1
0.5035403500123827,0.026373603382799343,0.5604387494299858,0.44114775953168917,0.11929098989829667,0,-0.14290527274289797,-0.760909360273275,0.0,1
0.5033908992103102,0.014271746352817988,0.5303389211326115,0.467351907750325,0.06298701338228652,0,-0.4308898504532311,-0.846691781865295,0.0,0
0.5275899099415313,0.019883657736119137,0.5826757141431964,0.4724194804797621,0.11025623366343429,0,-0.07372463874024969,-0.2417442128528955,0.0,1
0.511172169111823,0.03938516207866228,0.7057586213192429,0.46935669726531504,0.2364019240539279,26,3.4057421620063764,12.499828325092638,0.0,1
0.5038317615587257,0.01439391204602649,0.5327315601378575,0.46318594802000296,0.06954561211785454,0,-0.3434449142552881,-0.8346879963510965,0.0,0
0.5036282986799882,0.013973983672707036,0.5300839775831255,0.4658344950487378,0.06424948253438773,0,-0.3924914296658162,-0.8337527443253019,0.0,0
0.528102229591914,0.02094568191540548,0.577783511054728,0.4728097299335603,0.10497378112116773,0,-0.07509291528728884,-0.5974409474699769,0.001,1
0.5036665152397849,0.014277977002476776,0.5351704984681834,0.4691486707214235,0.06602182774675991,0,-0.31379847627350177,-0.9993339435534332,0.0,0
0.5039469602968584,0.014297399632012061,0.5351796974484949,0.4687108584164859,0.06646883903200901,0,-0.2909567604546123,-0.7891643445697714,0.0,0
0.5034073620507388,0.014369864779796751,0.5313105629997115,0.4689408822110761,0.06236968078863536,0,-0.31317842787464256,-0.9281133256411218,0.0,0
0.5038198560192851,0.02652578121691054,0.5575227359863146,0.4436259881754034,0.11389674781091125,0,-0.15437506693989328,-0.834544758195118,0.0,1
0.5035809189678339,0.014413906788850897,0.5325989525802322,0.4711833610377175,0.061415591542514636,0,-0.3556492083461043,-0.9088606753206379,0.0,0
0.5034415654609238,0.014017148018897118,0.5334210574207113,0.4723215852920032,0.06109947212870814,0,-0.3825008487132348,-0.9452473256586678,0.0,0
0.5037084500585515,0.01416748620398922,0.5337420265512911,0.4730515253494404,0.06069050120185071,0,-0.3713930674233479,-0.9859016060492949,0.0,0
0.529020839096319,0.020085662490183703,0.5809213875270975,0.4761452979018034,0.10477608962529417,0,-0.14882677154649251,-0.35162266124867037,0.001,1
0.5036380625479048,0.013918855746551818,0.5346378292914842,0.47104444515483707,0.06359338413664711,0,-0.298598026112369,-0.897287984477988,0.0,0
0.5038078887980831,0.014307408428534578,0.5353568052662185,0.46508050898820075,0.07027629627801779,0,-0.347419611047943,-0.9077871466934178,0.0,0
0.5291490790563846,0.019283705088868165,0.5734917351743196,0.47333206180825743,0.10015967336606219,0,-0.05207682183824719,-0.4776641834505875,0.0,1
0.5351861156067853,0.0179385460471371,0.5762264554141621,0.4927045033418607,0.08352195207230134,0,0.028678617958487695,-0.9951016600684879,0.0,1
0.5034226053660094,0.014219217106300298,0.5283381335154024,0.46821134217396954,0.06012679134143284,0,-0.3677526554876473,-0.9038264308965251,0.0,0
0.503684390088078,0.02661999710877256,0.5559333608551784,0.4458059684582728,0.11012739239690561,0,-0.15188841805836673,-0.9008461233578697,0.0,1
0.5117880723655205,0.04898793071357106,0.8524419462525563,0.4708646937468724,0.3815772525056839,14,5.860492588850438,36.57712622257345,0.0,1
0.5156596771778024,0.05057582031639054,0.7589672943421704,0.47042169243201276,0.2885456019101576,27,3.599325381422334,12.719882126457804,0.0,1
0.5033089731247998,0.013940701735021674,0.530904285721528,0.4656229219386009,0.06528136378292715,0,-0.3560365879632596,-0.8825743637054289,0.0,0
0.5414820162633551,0.019354295782370867,0.5853657619172676,0.4931447901941364,0.09222097172313126,0,-0.09815370115936449,-0.966272690973502,0.0,1
0.503605692551776,0.01411823917165765,0.5281661541328457,0.4679119125500262,0.06025424158281956,0,-0.3330707629051088,-1.0515482125082751,0.0,0
0.5036376908380785,0.014203116104364345,0.5311128637039869,0.4695008561824481,0.061612007521538836,0,-0.3520024109176031,-0.9280513089457711,0.0,0
0.5032877762402785,0.013873288247127042,0.5309862200813534,0.4697705157168274,0.06121570436452606,0,-0.32465180468059374,-0.9230537510144297,0.0,0
0.5137101414519613,0.04560861802562568,0.7258598887879802,0.47309945049382157,0.2527604382941587,26,3.4855691636237007,11.890528369567853,0.0,1
0.5283395282917301,0.020645721612015996,0.5778812258961781,0.4766442011221632,0.10123702477401486,0,-0.020063526697394893,-0.569987007422736,0.001,1
0.5277624873875367,0.020413828958112404,0.5801014761327629,0.4770791378909737,0.10302233824178914,0,0.00036379829591251105,-0.6767266459639711,0.0,1
0.539798941852041,0.018630036082192294,0.5781462792671289,0.4967926547628565,0.08135362450427241,0,0.10736440852775926,-1.1371324376763896,0.0,1
0.5039719333863241,0.014588393439346078,0.53101334675057,0.4709419743748584,0.060071372375711585,0,-0.2778434436697445,-1.049550863013938,0.0,0
0.5037046258585182,0.014326511857747143,0.5321391163018631,0.4674039551756433,0.06473516112621974,0,-0.36693088370181276,-0.9538875848646788,0.0,0
0.5037673547526943,0.013674024943676215,0.5314946317516255,0.47246864284024503,0.059025988911380445,0,-0.32622268258314596,-0.862050781280499,0.0,0
0.5035045154945971,0.014104206156072396,0.5286938275413972,0.46848954728226827,0.060204280259128884,0,-0.3402587410205125,-1.0033800018161196,0.0,0
0.5036241298999358,0.013915515537037296,0.5299649063362484,0.47069532740119263,0.059269578935055744,0,-0.3568362709643766,-0.9760868866077375,0.0,0
0.5105584471622101,0.03336543203891102,0.6726676032344969,0.47027072582201207,0.20239687741248485,19,3.6142562714520827,14.405879025346621,0.0,1
0.5072215598665257,0.023654497078236622,0.6203539677827619,0.4676880793741217,0.15266588840864015,15,2.4768881901196194,9.45553018679258,0.0,1
0.5040083203487847,0.014596833539765342,0.5322510709413908,0.4705437964704349,0.061707274470955864,0,-0.3067460582866045,-0.9934541951884208,0.0,0
0.50356323297511,0.01434019632591622,0.5340527837133298,0.4681922435148488,0.06586054019848098,0,-0.29154394166808434,-0.97200516719171,0.0,0
0.5036267109130048,0.014259524059163682,0.5333677219432507,0.4703340424518838,0.06303367949136685,0,-0.29090234563058154,-0.9571053652465404,0.0,0
0.5037390976668334,0.014246777695327107,0.5289579747663671,0.4702143209004448,0.058743653865922285,0,-0.3190506192347752,-0.999166055962319,0.0,0
0.5039768535503473,0.015000103583196533,0.5316601696725874,0.47086538058324195,0.06079478908934549,0,-0.297370265241214,-1.0647451774336723,0.0,0
0.5033465878101422,0.013837977549167473,0.5293091877486035,0.4702686466554413,0.05904054109316215,0,-0.3404975463324645,-0.9280567954732462,0.0,0
0.5039811816690504,0.014138232748238751,0.5330260463714447,0.4684053060474983,0.06462074032394638,0,-0.31509466835325217,-0.9825308116635547,0.0,0
0.5100148848380379,0.03259780469346742,0.6688319017741113,0.46704175935571834,0.201790142418393,18,3.6306726524971986,14.819397902370003,0.0,1
0.5280689336294222,0.020048813033453673,0.5772318924382754,0.4777848436380422,0.09944704880023325,0,-0.05091032389640143,-0.5043091722141062,0.004,1
0.5035468104642586,0.026229053893433038,0.5597481818774035,0.44207208897859146,0.11767609289881203,0,-0.1538796291212389,-0.7733907723338325,0.0,1
0.5036903617547283,0.01443165038592064,0.5332379937737463,0.46512938432526985,0.06810860944847641,0,-0.37624972727041195,-0.8760507110123679,0.0,0
0.5037796425644033,0.026113116168139723,0.5566501406509312,0.4451561743526073,0.11149396629832392,0,-0.1209909840312682,-0.7948379649732442,0.0,1
0.5152612009044215,0.04813799430543036,0.7465565704480503,0.47042720186162207,0.2761293685864283,27,3.5578755685001924,12.478757739563003,0.0,1
0.5426250707146337,0.019506530424628764,0.5848439370336763,0.4997856031316832,0.08505833390199313,0,-0.06839649070483417,-0.9963847363205822,0.0,1
0.5149523612442493,0.04836574518408438,0.7273429195106793,0.4716435474785368,0.2556993720321425,30,3.2406873104671923,9.809003670734626,0.0,1
0.5151102864929121,0.04540009005464917,0.7273089627847421,0.47097684720783267,0.25633211557690944,27,3.5869425891478364,12.894103846018409,0.0,1
0.5036208600332511,0.01400761164604431,0.53145974062915,0.46905136593045915,0.06240837469869087,0,-0.31965221293462776,-0.9619560357167707,0.0,0
0.527686459319076,0.020971054651743,0.5802336568476986,0.4795481371447836,0.10068551970291495,0,0.0023178246423284383,-0.6091878255395651,0.002,1
0.5032524603956208,0.01431026970848628,0.5291559710941115,0.47011896462205677,0.05903700647205473,0,-0.32250684397577695,-0.998028763405558,0.0,0
0.5283640672777351,0.02058660674392743,0.5736019115384788,0.47391599453998634,0.0996859169984925,0,-0.18815275235612486,-0.4874139190848834,0.008,1
0.5270821129575345,0.01962400802335992,0.5757786530564702,0.47642008384839396,0.09935856920807629,0,-0.0689401614427637,-0.4266777861165889,0.002,1
0.5040722912052379,0.013883000819635942,0.5308119870950535,0.4683225703622782,0.062489416732775305,0,-0.3217998936266907,-0.9549962645083148,0.0,0
0.5033754751726531,0.014140664911801914,0.532619789692241,0.46986911705642087,0.06275067263582013,0,-0.26723956024591217,-1.0387547762873595,0.0,0
0.5039187863611048,0.014256704058057228,0.5304977714165058,0.46734208577872777,0.06315568563777801,0,-0.2976488591656734,-0.9783277219835997,0.0,0
0.5038451600623786,0.026621751934461372,0.5573313229933541,0.44565042256098636,0.11168090043236772,0,-0.14257985787724298,-0.7915190478127982,0.0,1
0.5033758339608536,0.014747587708338245,0.5304425192870108,0.46808089935916436,0.062361619927846446,0,-0.36449952715999534,-0.8910983041102867,0.0,0
0.5409762485368034,0.019006496046794236,0.5815121269154276,0.4906253748075083,0.09088675210791936,0,-0.09866541070933825,-0.9706013781614371,0.0,1
0.5097448650667179,0.036728199101585875,0.7096861196174332,0.47146407182386674,0.23822204779356648,15,4.245613957754401,19.880778427580378,0.0,1
0.5034001499465133,0.014140266128807874,0.5342406528752329,0.4681192506946893,0.06612140218054363,0,-0.302853071457612,-0.905931616559593,0.0,0
0.5038020629038412,0.014316973591889201,0.532934023229826,0.4683915378727252,0.06454248535710078,0,-0.3535653924175607,-0.8614210090332461,0.0,0
0.5040994896121002,0.014337222436844226,0.5309217189918555,0.4673629481019147,0.06355877088994077,0,-0.4160173908226593,-0.8922025162882212,0.0,0
0.5289045114926173,0.020727129708174107,0.5771722321865239,0.4723095070141854,0.10486272517233852,0,0.0035165838078882066,-0.4479754056688212,0.0,1
0.503778047231733,0.014060562973227442,0.5300485820059366,0.4664758691305137,0.06357271287542293,0,-0.4048309700384558,-0.8364132102996735,0.0,0
0.5115223942266927,0.03973919137107308,0.751200802895555,0.46951793290083743,0.2816828699947176,24,4.202555930883064,20.49879037889931,0.0,1
0.5353369955928776,0.01794360431161264,0.5799187929003834,0.49672337221836516,0.08319542068201824,0,-0.017188956263452293,-1.043543905909271,0.0,1
0.5034809049792792,0.026647114568191743,0.5561817364006006,0.44358874686469996,0.11259298953590069,0,-0.16289502601508318,-0.848649894091456,0.0,1
0.5036613678550006,0.013877285452263776,0.5296399712514716,0.4711692927237445,0.05847067852772703,0,-0.31624745887941114,-0.9898834755009203,0.0,0
0.5032326513458489,0.014421036240602592,0.5323769950540266,0.4727468592194155,0.059630135834611075,0,-0.2707173906782435,-0.9972999549730721,0.0,0
0.5034228384867918,0.014321715114703353,0.5313720250723549,0.4713770264658376,0.0599949986065173,0,-0.2997078304353471,-1.0311446911470061,0.0,0
0.5293128041959246,0.015968340124662948,0.5682498810294974,0.49359076711530964,0.07465911391418772,0,-0.05329151479333905,-0.924195246666176,0.0,1
0.503840200508934,0.014162816310824496,0.532366746624924,0.46799859824810136,0.06436814837682264,0,-0.2894310241845544,-0.9051788010989381,0.0,0
0.5279975669110438,0.01911816013522383,0.5741234781303337,0.47701625560875394,0.09710722252157977,0,-0.16878182987028278,-0.3724670792201872,0.002,1
0.5036225829521924,0.014171273936554393,0.529777285325234,0.46521952395373334,0.06455776137150071,0,-0.39827148282235914,-0.9038647255902048,0.0,0
0.5291696974680166,0.020095402184653093,0.5761674241292846,0.47616341375413895,0.10000401037514561,0,-0.020657992267052373,-0.6070493558048105,0.003,1
0.5031601890014008,0.013919751557800711,0.5302536695561451,0.4700174356010145,0.06023623395513056,0,-0.4026304423404255,-0.8954882255921666,0.0,0
0.503558878881996,0.01400379469622996,0.52973075735882,0.4684618503460634,0.06126890701275661,0,-0.39650221874875763,-0.8693891980203565,0.0,0
0.5038421172539752,0.014449312045054301,0.5325446929579484,0.4693628408937577,0.06318185206419069,0,-0.3290714052334047,-0.9895742776464562,0.0,0
0.5492580463822266,0.021346445400676452,0.5944891974449448,0.49169532396439286,0.10279387348055191,0,-0.2650969608040091,-0.7599082839289322,0.0,1
0.5036590953748172,0.014099991103187985,0.5314409402667355,0.4661440042902181,0.06529693597651742,0,-0.3289893630990939,-0.8734128659773295,0.0,0
0.5450514554775412,0.01966106085129479,0.584285663625472,0.4978080667892598,0.08647759683621214,0,-0.1410467665462398,-0.956754208975616,0.0,1
0.5405587573179322,0.019075798769319415,0.5799094232880916,0.48927344731029915,0.09063597597779244,0,-0.13236750064245434,-0.9600140019164103,0.0,1
0.5065409351548303,0.02677262185983602,0.6700992233738131,0.47017249780244286,0.19992672557137026,11,3.83354144369344,19.8572212983525,0.0,1
0.5035514196222844,0.01401189941288897,0.5302812314520876,0.4693279057982839,0.060953325653803736,0,-0.3502710368141513,-0.9232413913336179,0.0,0
0.5068989154996125,0.026946106731798727,0.668464538487059,0.46936773413073646,0.19909680435632254,11,3.9265764863257617,20.404072957983125,0.0,1
0.510015855320777,0.044562187100475034,0.7787549539057306,0.46892705503397514,0.30982789887175544,13,5.020250945194308,26.555270251579003,0.0,1
0.5036525142673894,0.014105446255001635,0.5358425030669594,0.4675166346395771,0.06832586842738225,0,-0.37607632352637665,-0.841786018985407,0.0,0
0.5286541751402543,0.019868738956920665,0.5744147013926991,0.4696710107000112,0.10474369069268791,0,-0.13676909802067938,-0.5181909440420269,0.004,1
0.5034794885367821,0.013928615344810854,0.5281884644303518,0.467680098949107,0.06050836548124483,0,-0.3096221345705484,-0.980290884993313,0.0,0
0.5280340879270388,0.02014768704885722,0.5772821037430068,0.48017421007727373,0.09710789366573308,0,-0.0732400672804523,-0.5862952000470654,0.004,1
0.5277821079461662,0.01979222680542008,0.5711758046534499,0.4787279396244312,0.09244786502901864,0,-0.07689946395046736,-0.515383414910171,0.001,1
0.5035905012006142,0.014200003177162376,0.5314127073930678,0.47150268956199837,0.05991001783106942,0,-0.2752757751998413,-1.0034826871284486,0.0,0
0.532432477803441,0.01615038571575661,0.5701482111133263,0.4952597547255654,0.07488845638776087,0,-0.040808790548852544,-0.9095902360782877,0.0,1
0.5038115747097675,0.014301830837339156,0.5335925998307237,0.46921849793385173,0.06437410189687198,0,-0.30607154318958346,-0.9982187764209907,0.0,0
0.5037363706198469,0.013884901844725343,0.5304792865653127,0.4685329530009881,0.06194633356432466,0,-0.31259911357238046,-0.9293852809903229,0.0,0
0.5036450948967204,0.014531288549071994,0.5328320511808408,0.47002827765592936,0.0628037735249114,0,-0.2918250141087911,-1.0277259193098984,0.0,0
0.5279247760339789,0.02021923009619962,0.5715045548113863,0.4739066069372357,0.0975979478741506,0,-0.1342311387200486,-0.5276835663195549,0.001,1
0.5043264310856961,0.013823277348915988,0.531334681460748,0.47083407280902784,0.06050060865172019,0,-0.4520461900602516,-0.7747597226144252,0.0,0
0.5040385824406837,0.02596416001000753,0.5565820471406993,0.445985075403219,0.11059697173748023,0,-0.15781868853185047,-0.8298000144977591,0.0,1
0.5037989608195632,0.014354845828437133,0.5323999192292151,0.46746000388795905,0.0649399153412561,0,-0.38870703559284703,-0.9048706139877263,0.0,0
0.5035099337638281,0.014368249128404781,0.5330250056296876,0.468215055272011,0.06480995035767656,0,-0.359596384321718,-0.878269985209668,0.0,0
0.5033354719150355,0.014545560778982735,0.5323322517916318,0.4639302724146898,0.06840197937694198,0,-0.4057925437340467,-0.833855899277232,0.0,0
0.503588507932517,0.014036978667790774,0.5300060870671804,0.46750279604365325,0.0625032910235272,0,-0.33628156912455304,-0.8943192653071748,0.0,0
0.5069409790853924,0.030669633743374423,0.6970117556965094,0.466848595819929,0.23016315987658043,11,4.341911446999609,23.37405461768254,0.0,1
0.5294166990714685,0.02050541584943469,0.5766372852204832,0.4812855894934152,0.09535169572706798,0,0.01835116903154393,-0.7661937732588235,0.0,1
0.5139895685946092,0.04238863354692305,0.7029525691617575,0.4704004273631219,0.23255214179863565,30,3.2396277144021006,10.377661745528043,0.0,1
0.5035952736014242,0.026277559264674774,0.5556579113707492,0.4419507323506161,0.11370717902013305,0,-0.16915926821306868,-0.7517809709396319,0.0,1
0.5504479867306796,0.021515747216649915,0.5954754890106801,0.4930024044416409,0.10247308456903925,0,-0.2933136833425899,-0.7463024531565075,0.0,1
0.5092505393237499,0.03644112427654525,0.7030373555841778,0.46832356585673224,0.23471378972744555,15,4.191152321771193,19.524874195712936,0.0,1
0.5040364221953878,0.014225943166062655,0.5324061203138816,0.47038243470914354,0.06202368560473803,0,-0.3367407264314353,-0.9004254064363266,0.0,0
0.5036583734497606,0.026646800455501114,0.5559399261173343,0.4436614529763445,0.11227847314098982,0,-0.14194080268420764,-0.8270624936200237,0.0,1
0.5035857561211492,0.014476657183610997,0.5296575270678543,0.46350939193099194,0.06614813513686235,0,-0.34039113380912206,-0.9437291676794848,0.0,0
0.5035462395383046,0.026087398406323393,0.56043110758196,0.4401462301184011,0.12028487746355893,0,-0.17658419193813993,-0.7827954344761383,0.0,1
0.5036278734517804,0.01440515641055887,0.5305544246072511,0.4656052623974567,0.06494916220979441,0,-0.34438411892245196,-0.9394589943124472,0.0,0
0.5036081547695965,0.014100982782199947,0.5306072459567203,0.467645652003728,0.06296159395299228,0,-0.2995640631111788,-0.9567920908364278,0.0,0
0.5465512557402079,0.02121600313868344,0.5861044155571684,0.49314174197387295,0.09296267358329546,0,-0.17988236700956173,-0.9985092103238573,0.0,1
0.5283358790423287,0.020796663590659677,0.5822603030836542,0.47640325179613513,0.10585705128751904,0,-0.043302490040488036,-0.5233797836736134,0.009000000000000001,1
0.5077260453837047,0.026884527449333045,0.6650663091176872,0.46920830255026796,0.1958580065674192,12,3.823657236895044,19.230072498165175,0.0,1
0.5086122520161104,0.029213128767792855,0.6746408487845978,0.46855413055070655,0.2060867182338913,13,3.831244333296002,18.549202835181795,0.0,1
0.5034884461526209,0.026350466470380935,0.5565361711784969,0.44420757299267744,0.11232859818581942,0,-0.12550693769161939,-0.7607231913950265,0.0,1
0.5139491762024885,0.04876822284059466,0.7668429638172067,0.4700249219402101,0.2968180418769966,28,3.9760456706542566,16.76573921971161,0.0,1
0.5116766421617193,0.04625946442310417,0.7579965618672546,0.46682821261119356,0.29116834925606105,17,4.3822542963122935,19.624776209426845,0.0,1
0.503159079335208,0.025841502547461846,0.5558560193007138,0.44236347236210355,0.11349254693861027,0,-0.16960886899164582,-0.7813390590895728,0.0,1
0.5289896428919137,0.020490824102323037,0.5715905765201088,0.479176762778286,0.09241381374182278,0,-0.019628046062033395,-0.6543370697525872,0.001,1
0.5037600286778366,0.014316661245936012,0.5307147627323251,0.4707976055849141,0.05991715714741097,0,-0.3456517926029561,-0.9398609973593657,0.0,0
0.5033292735107164,0.014094760268717215,0.5308800665166628,0.4695905159350398,0.06128955058162294,0,-0.3516855973846406,-0.9432960598149869,0.0,0
0.529185040899117,0.020926660663815797,0.5697353044257849,0.4715209188698377,0.09821438555594719,0,-0.2620873291902813,-0.6735763419958589,0.0,1
0.5036106539720782,0.026039145830642065,0.5586253561161015,0.4444577222557978,0.11416763386030371,0,-0.12252023636823466,-0.8169678222379493,0.0,1
0.5297643701172754,0.020190592556641997,0.573451606146083,0.47985295347179313,0.0935986526742899,0,-0.19889941344431336,-0.5662069462830193,0.001,1
0.5036922804015908,0.02596541016830368,0.5580231499099986,0.4434025932792332,0.11462055663076537,0,-0.1152747370053012,-0.8126980325275732,0.0,1
0.5041191732742502,0.026303333172000183,0.5581195975957404,0.4472338693626236,0.11088572823311676,0,-0.12801717486230416,-0.8449112125371054,0.0,1
0.5038407404453635,0.014518394387241652,0.5359030915444483,0.46645391688130844,0.06944917466313982,0,-0.3230023811818065,-0.8222445159746274,0.0,0
0.5113787567935562,0.035811591408924544,0.6685996886946194,0.4669360001143469,0.2016636885802725,26,3.056103107474604,9.829103603556248,0.0,1
0.5032748264995669,0.014402274386288461,0.5308944817839311,0.47100510051946465,0.05988938126446641,0,-0.33636813937111104,-0.9284598758890583,0.0,0
0.5035238306669833,0.014514155300371968,0.5351620196320589,0.47173501814520813,0.06342700148685076,0,-0.23867987526106335,-1.0636566554263847,0.0,0
0.5035325047696839,0.014266084110911695,0.5317220355845234,0.46718046906838784,0.06454156651613552,0,-0.3400047139433827,-0.9127366353552153,0.0,0
0.5035462297476382,0.02649321682474309,0.5575923326451613,0.44352336022914385,0.11406897241601743,0,-0.11165937950492935,-0.7793659504091544,0.0,1
0.5041137037297139,0.014094587635683763,0.5284651051974792,0.4701223105552499,0.058342794642229356,0,-0.34772437722482324,-0.9893593436055186,0.0,0
0.5034846009331864,0.014046666448438957,0.5330792121922135,0.4732409440088779,0.05983826818333565,0,-0.2878219782814724,-0.9523933656045873,0.0,0
0.5035553148424278,0.013959713028775364,0.5308464364167226,0.4696723268415905,0.061174109575132085,0,-0.3596673572478065,-0.8777220082383526,0.0,0
0.5035537607907971,0.02618302910481323,0.5555003220222247,0.44126190541383675,0.1142384166083879,0,-0.12986694484991013,-0.810146542652125,0.0,1
0.5034496784532844,0.014166296268025597,0.53056226363074,0.46596605799198704,0.06459620563875296,0,-0.3858471050213859,-0.8362699346043563,0.0,0
0.5171200972495581,0.04910907895812771,0.7258478281524198,0.4705137404749978,0.255334087677422,33,3.1013228421474732,9.143183248273562,0.0,1
0.5039510512108143,0.025855683952486195,0.5606315130451446,0.44540300706061736,0.11522850598452722,0,-0.1445898168701887,-0.8397351097226218,0.0,1
0.503791701519162,0.014327968462123867,0.5359178053178566,0.4707892133242964,0.06512859199356019,0,-0.28451864758467027,-0.9352279623017923,0.0,0
0.5285810281817113,0.02101405750016339,0.5768161427226967,0.4782015450157545,0.09861459770694214,0,-0.12183882936593265,-0.6010575841019663,0.001,1
0.5290525285258968,0.020156031941425206,0.5753680753050849,0.47881212090137637,0.09655595440370857,0,-0.06858934504360964,-0.5039805784753173,0.0,1
0.503653907107534,0.014544534923522917,0.5307798211691073,0.46742075925090776,0.06335906191819951,0,-0.39002954854001914,-0.958709739139326,0.0,0
0.5034812479468378,0.026188554383920103,0.5563134536421714,0.4409393964788509,0.11537405716332055,0,-0.12938540576267438,-0.7315542374780568,0.0,1
0.5081677126032923,0.03447934118231605,0.704195270409766,0.46989179461606284,0.2343034757937032,14,4.217181927660892,20.34061958444221,0.0,1
0.5033648115771476,0.013990903395899422,0.5287408780963041,0.4687581331524556,0.059982744943848476,0,-0.3830208260074367,-0.945176300518213,0.0,0
0.5289978381264662,0.02054292781618961,0.5754792076010278,0.4696877451718124,0.10579146242921539,0,-0.14543987287676088,-0.4475091196294576,0.002,1
0.5035692731557662,0.01440844210150993,0.5292070660064282,0.46828103829192286,0.06092602771450534,0,-0.3357714456735021,-0.9346100603657019,0.0,0
0.5038880140089147,0.0259957293257578,0.5574151924572559,0.44586843316374,0.11154675929351593,0,-0.12931432021908756,-0.8079213080465388,0.0,1
0.5038823269840362,0.014593007992256811,0.531536663918513,0.4711645806444631,0.06037208327404986,0,-0.2506388459227096,-1.0959063531234958,0.0,0
0.5036203107864784,0.02628199377229126,0.5576714574993648,0.4427376365333342,0.11493382096603055,0,-0.1167394224347656,-0.7885404587082236,0.0,1
0.5039260645384871,0.014031952296917626,0.5306005850468104,0.4683951862295388,0.06220539881727161,0,-0.33509119202589915,-0.9365917278099811,0.0,0
0.5036772548865592,0.014513838668549883,0.533478768824597,0.47119249197643476,0.062286276848162236,0,-0.27301106357307503,-0.9558136529741232,0.0,0
0.5035900176161814,0.014508983240683214,0.5343611471899473,0.4726949936953542,0.06166615349459309,0,-0.2972952121346481,-0.9718528600363543,0.0,0
0.5039688551482244,0.02638355787459714,0.5599520086139691,0.44121532639633065,0.11873668221763845,0,-0.15317557589786848,-0.7781625402906256,0.0,1
0.5037307149093827,0.014199887377864564,0.534546673969936,0.4685479001025751,0.06599877386736097,0,-0.37886909236195543,-0.9269173703848619,0.0,0
0.5034359953511772,0.013965405945850884,0.5332581381717272,0.4662744239924747,0.06698371417925247,0,-0.3550300726082123,-0.9174407719244346,0.0,0
0.5035246150785854,0.014598628306822611,0.5312109130765589,0.46798723354540217,0.0632236795311567,0,-0.27161023714732246,-0.9396574803364164,0.0,0
0.5034834530295852,0.01439325054667727,0.531489167353576,0.46915058117213626,0.062338586181439726,0,-0.3135571173463904,-0.9882732683478141,0.0,0
0.5036709132557003,0.013868396302170877,0.5319935041592287,0.46779692205508716,0.06419658210414159,0,-0.29461592819184923,-0.8874451526808582,0.0,0
0.5035618714597766,0.014386715733785622,0.5313238455193063,0.47080038074632446,0.06052346477298187,0,-0.2973201594934932,-0.9850309624981093,0.0,0
0.5442669192968668,0.020250482422817167,0.582641328191127,0.49196114567843907,0.09068018251268795,0,-0.26982898080703704,-0.9427950746779379,0.0,1
0.5102864809657525,0.03048317083773587,0.6486141395141896,0.4692696982659378,0.17934444124825177,24,2.8401343740608898,9.273763324513391,0.0,1
0.5034691673049771,0.01411119118789815,0.5296425954465561,0.4680894377863002,0.06155315766025593,0,-0.3623728829132074,-0.9456804627956754,0.0,0
0.5037752491396439,0.014064380826350179,0.5315760381659039,0.46830968428723924,0.0632663538786647,0,-0.36175150068197337,-0.9014813451719506,0.0,0
0.5035996400366538,0.014047023765806892,0.5310503726212379,0.4708919629530536,0.06015840966818431,0,-0.2817467901715792,-0.9512440096082342,0.0,0
0.5038512658567169,0.014237473483225746,0.5333529284962972,0.4723738698306042,0.06097905866569303,0,-0.28154494169253663,-0.8838727956014973,0.0,0
0.552065487606958,0.022579827628871677,0.5929414025257458,0.4935627931868105,0.09937860933893528,0,-0.3774250142864136,-0.6959589738285588,0.0,1
0.5076821300373762,0.02587076869387498,0.6244010226299911,0.4691143672124161,0.15528665541757497,19,2.682070278061565,9.469631265884834,0.0,1
0.5036583389727377,0.014161273670668644,0.5284314074548423,0.4650963561870288,0.06333505126781347,0,-0.30922693421611286,-0.9754010006386458,0.0,0
0.5034630887673468,0.01420322995772116,0.530559367748946,0.46829867606230724,0.062260691686638725,0,-0.27651374316349453,-0.987828172310282,0.0,0
0.5375623978033809,0.019171604944731833,0.5728049325629446,0.4947317933533292,0.07807313920961545,0,-0.143598732530143,-1.143961253671886,0.0,1
0.5366954840846934,0.017093992356480178,0.5736364249080013,0.493896762811121,0.07973966209688027,0,0.10435644463848295,-0.9729319925574438,0.0,1
0.5034094919972439,0.01438849818600699,0.5306209925123716,0.4695167318026093,0.061104260709762326,0,-0.34740677992355196,-0.9607266017348453,0.0,0
0.5031732077952338,0.026061896774184093,0.5538987733957002,0.4462818120388023,0.10761696135689786,0,-0.21247378735975841,-0.7858864050859826,0.0,1
0.5097676438750283,0.03852258923346884,0.7158339070639965,0.4704931735775401,0.2453407334864564,16,4.238214078105965,19.28147096567096,0.0,1
0.5277938994091217,0.019625316736308036,0.5747365759693681,0.4758263778690951,0.09891019810027302,0,-0.019337701646489847,-0.5267813824529002,0.0,1
0.5037152898030729,0.014420753816284361,0.5333564311667409,0.46963933944009306,0.06371709172664786,0,-0.32187454387703784,-0.9190522835584787,0.0,0
0.5280011384951352,0.02006617129370447,0.5846280161245587,0.47470229919063706,0.10992571693392167,0,-0.06236575551478053,-0.41816612403340203,0.0,1
0.5039065306468832,0.02605094185976013,0.5604789997547713,0.43714369862864105,0.12333530112613028,0,-0.15137395401890916,-0.7415602980455107,0.0,1
0.5038867314617983,0.014023020517613359,0.5337074944326462,0.4716689003894117,0.062038594043234474,0,-0.31034325075565616,-0.9410495495746765,0.0,0
0.5037785903765222,0.014508249265536823,0.5332803424464317,0.46687672682353853,0.06640361562289321,0,-0.3103230135049848,-0.9741809083162298,0.0,0
0.534893414199232,0.018871648493934266,0.5774715527303451,0.4921796250825531,0.08529192764779203,0,-0.07313613747819733,-1.0790397021702307,0.0,1
0.5039526283939563,0.014286832158093817,0.5306054657339567,0.46786007480727837,0.06274539092667836,0,-0.32777300437393936,-0.9445625419100039,0.0,0
0.5035000765548644,0.014672089213424909,0.5325696996957767,0.4644711718204666,0.06809852787531012,0,-0.3426631684377194,-0.9345696804585839,0.0,0
0.5036699589210938,0.014344244286842252,0.532707830522438,0.4710074866554647,0.06170034386697326,0,-0.35232799241537144,-1.0053510930346654,0.0,0
0.5294323197991382,0.019852850340040067,0.5835385213839444,0.4799919787808537,0.10354654260309065,0,-0.12666478415604523,-0.4378777911180616,0.002,1
0.5034319472795197,0.014236010462540933,0.5342285028860607,0.4697134441964613,0.06451505868959939,0,-0.26169566944323314,-1.0132811426667407,0.0,0
0.5037358152312708,0.01444712612108114,0.5328704263180561,0.47145451203957084,0.061415914278485306,0,-0.2778434892107157,-0.9825805654277815,0.0,0
0.5035717693377986,0.014135463531623087,0.5282518487308221,0.46396965872544205,0.06428219000538005,0,-0.3409190222708682,-0.9102305698723634,0.0,0
0.5034220603704148,0.014183972810354026,0.5300210665782503,0.4673431264329721,0.06267794014527822,0,-0.35086680218472516,-0.9715649579633903,0.0,0
0.5035259568679809,0.026352562661384395,0.5620637132365968,0.43980239435048285,0.12226131888611391,0,-0.10840303447817938,-0.8310161013470196,0.0,1
0.5405099636018302,0.01869287581906975,0.5787236783631309,0.4940527792008031,0.08467089916232778,0,-0.04970464546313893,-1.0081433897301477,0.0,1
0.5039247855729283,0.014288288440632301,0.5310507291050344,0.4723303597490146,0.058720369356019764,0,-0.3611658473505268,-0.926156916050167,0.0,0
0.537134832134453,0.017386680771722528,0.5724044281071428,0.4944404088122396,0.07796401929490315,0,-0.03339999054164916,-0.9151641069562029,0.0,1
0.5036620114557359,0.014370393848607329,0.5341937590661934,0.46428817884889384,0.06990558021729953,0,-0.3079898055275838,-0.9002492016229606,0.0,0
0.5388529712823238,0.018562495508731045,0.5856169380773968,0.4896829812664201,0.09593395681097666,0,-0.040330268687206246,-0.889225581530825,0.0,1
0.5037018838551676,0.014260983544657786,0.5308935703439212,0.46729818422391484,0.06359538612000631,0,-0.37978925446707495,-0.8861164326817552,0.0,0
0.5035640785573416,0.02611054321252133,0.5528092132101858,0.44461680995842967,0.10819240325175616,0,-0.13246838659960386,-0.8484918421296301,0.0,1
0.5282468684593836,0.021086494916644286,0.5776967694872113,0.4783106849508446,0.09938608453636666,0,-0.10656726627557803,-0.5732296298755739,0.004,1
0.5032605932643676,0.013954169537922077,0.533254480569832,0.47167547378097063,0.06157900678886141,0,-0.2930021927057337,-0.9196762505879659,0.0,0
0.5033607648812886,0.02612694754665688,0.5556591235415942,0.44361541372884167,0.11204370981275252,0,-0.19260303490339165,-0.8118350872595363,0.0,1
0.5035730130446646,0.01439079299703976,0.5322927038202083,0.4690096734160079,0.06328303040420041,0,-0.3921991198730213,-0.922753174660119,0.0,0
0.5035998243657402,0.014114892228718845,0.5361188297169908,0.47084957347145906,0.0652692562455317,0,-0.3177492472081311,-0.850830884780271,0.0,0
0.504059072841279,0.014836043010688436,0.5316927507047311,0.47078327188898944,0.06090947881574166,0,-0.25756983606629347,-0.9746838543302148,0.0,0
0.503764606553383,0.01432607340598419,0.5321339391915267,0.47085549118347675,0.06127844800804999,0,-0.3216907630818745,-0.871163843210518,0.0,0
0.5373124058189341,0.01727377074807537,0.5754277734382045,0.4956710107127777,0.07975676272542681,0,0.061099765606963126,-1.0436848342639378,0.0,1
0.5041609176527352,0.01426324810338763,0.5334002703603263,0.4663663287820783,0.06703394157824805,0,-0.2896238841758455,-0.9497304059426255,0.0,0
0.5499855673786574,0.021484253740663248,0.5938615705231844,0.4942994520425961,0.09956211848058832,0,-0.31186695885308524,-0.7127243601101827,0.0,1
0.5109263296116446,0.04101311343953017,0.724445588720526,0.46605949120419854,0.25838609751632746,17,4.185412458923059,18.469736527125722,0.0,1
0.5039819273460235,0.01405372606786327,0.5345966042463669,0.47365910581460224,0.06093749843176466,0,-0.2908789579178398,-1.0063961051905685,0.0,0
0.5035309941241941,0.026042875563288857,0.5563779958643718,0.44239271172482897,0.11398528413954279,0,-0.14819989612079376,-0.8195923378961876,0.0,1
0.5038860244620063,0.014167913106406964,0.5339068138890852,0.4692392232829929,0.06466759060609234,0,-0.3677776146523754,-0.8846708401501604,0.0,0
0.503876026040766,0.014127822185773888,0.5363566542490403,0.4702957642411177,0.06606089000792265,0,-0.25127298422515254,-0.9152247450085182,0.0,0
0.5041274320193583,0.014069328528321995,0.5310322075959101,0.4713720157298285,0.05966019186608157,0,-0.2754335193264373,-0.9423015770085468,0.0,0
0.503705731830927,0.025958968490439667,0.5579219998676799,0.44411878236655195,0.11380321750112793,0,-0.16696110504789616,-0.7938492452317156,0.0,1
0.531305257715586,0.015096309125216563,0.5624726619288225,0.4948163531872723,0.06765630874155021,0,0.009179315187227855,-0.9247859431441974,0.0,1
0.5513587612567171,0.021395547153564128,0.595251418130932,0.496484082965026,0.09876733516590597,0,-0.33522845966936693,-0.756294015357259,0.0,1
0.5037244763550093,0.013753071914833683,0.5293922266562501,0.47216532955087553,0.05722689710537454,0,-0.36953733622541163,-0.8811373862336338,0.0,0
0.5288077427964244,0.02088487436970444,0.580777398203827,0.4766159986939805,0.10416139950984649,0,-0.1047732110479697,-0.5856040745405386,0.0,1
0.5082083229049184,0.03263057584016733,0.702782405895963,0.4710379500244415,0.23174445587152148,12,4.377075505411419,22.837582226654945,0.0,1
0.5038444127204132,0.0264821923592447,0.5568238212992402,0.44275764869743955,0.11406617260180069,0,-0.12918348380931738,-0.8032614598684598,0.0,1
0.5282780002004878,0.020446201076085344,0.5742578957687927,0.4794944746174123,0.09476342115138042,0,-0.04232493459457534,-0.6880078493251376,0.001,1
0.5036747767276062,0.013903812716229928,0.5295171808365985,0.47103585392180813,0.058481326914790355,0,-0.40685783464997555,-0.8769763768235341,0.0,0
0.5035151776299293,0.014565498157374814,0.5330972413045354,0.46163854862897113,0.07145869267556426,0,-0.3813826902048597,-0.7760701648405348,0.0,0
0.5036424055795827,0.01447102712321359,0.5331062307778889,0.46986984303834956,0.06323638773953932,0,-0.3025082405290294,-0.9132961923593905,0.0,0
0.5290638067666064,0.02087826831628455,0.5738420871380202,0.48164251292317556,0.09219957421484465,0,-0.09988732960829237,-0.6575929678384189,0.0,1
0.5084353895084056,0.034238643679376075,0.7317309409841986,0.4711344170416919,0.26059652394250665,10,5.161281172681276,30.736200472584763,0.0,1
0.5318723334646436,0.015554197436680241,0.5673156433710888,0.4950140018057173,0.07230164156537144,0,-0.024968791969637503,-0.9435316507218001,0.0,1
0.5090236868386193,0.02825593215764107,0.6488644155822544,0.4713972248745872,0.1774671907076672,18,3.040419877672363,11.679118210423104,0.0,1
0.5277509425916269,0.020474517375043348,0.5738260520175895,0.4792165177489928,0.0946095342685967,0,-0.1285158839705587,-0.6007021709617777,0.001,1
0.5292470787957056,0.019375954068656998,0.5778493035388195,0.47814134126858154,0.09970796227023793,0,-0.011091328545690055,-0.3802707558129108,0.0,1
0.5035430168988998,0.02640516027234651,0.5612863451856038,0.43731147736491655,0.12397486782068728,0,-0.13373436056637392,-0.7770496141759229,0.0,1
0.503864389008905,0.026529703620108213,0.5569332718278124,0.4431000315767713,0.11383324025104108,0,-0.15908414026658568,-0.8109215729482728,0.0,1
0.5038275375877496,0.01452056406373582,0.5308992391848776,0.46813882648771965,0.06276041269715793,0,-0.30790406045872093,-1.055351203248543,0.0,0
0.5035898127890271,0.014049630441271487,0.5325663405947463,0.47102098449958957,0.06154535609515671,0,-0.2516072135388214,-1.0133097043189672,0.0,0
0.503734161496704,0.014069357372707696,0.5327345531567422,0.46996143658198075,0.06277311657476148,0,-0.3757807399912446,-0.9815491882192742,0.0,0
0.503556763332544,0.013937012468928141,0.5339220048720341,0.4697424201677059,0.06417958470432822,0,-0.32838478984275116,-0.957789135744525,0.0,0
0.5163380906179607,0.04515711629504112,0.6923886838474559,0.46639261338413607,0.22599607046331982,31,3.090370326398804,8.90364342119268,0.0,1
0.50377228016291,0.01444308302369071,0.5359394615912502,0.4683301844845311,0.06760927710671905,0,-0.4000759204938296,-0.8064782674166766,0.0,0
0.5033080225386227,0.026118483084969734,0.5592078037624343,0.43964968440097796,0.11955811936145633,0,-0.10336347161387957,-0.8288066318083636,0.0,1
0.5466552149497056,0.020720550162971644,0.5819882761987784,0.4947144356362896,0.08727384056248877,0,-0.19346781199252402,-1.013324807038548,0.0,1
0.5032743449852846,0.014014595170946715,0.5297632814064194,0.4698358700234909,0.05992741138292845,0,-0.3301557962397617,-1.0092589324390029,0.0,0
0.5034136829212433,0.014028255164267778,0.531334440559934,0.46604368489038067,0.06529075566955328,0,-0.37531017856623944,-0.8131741171263833,0.0,0
0.5333065197453044,0.01755533315867096,0.5688325420669431,0.4936421876857679,0.07519035438117522,0,-0.023769757042344113,-0.9948544037928722,0.0,1
0.5035154185229618,0.014381397230699538,0.5313079708915981,0.46963183319341795,0.061676137698180145,0,-0.3271574084200654,-1.0413264756307805,0.0,0
0.5284569623628553,0.020370923816862372,0.5727099434912318,0.4780328504902558,0.09467709300097604,0,-0.031446450702831245,-0.7239013995395389,0.004,1
0.5265626724976015,0.02039694548821674,0.5813133193611408,0.4734122338032138,0.10790108555792705,0,-0.06396522373481008,-0.42722575505338156,0.005,1
0.5038627610096094,0.014033204551913103,0.5302862798527027,0.47159375634504197,0.05869252350766074,0,-0.3194606236363165,-0.9843249997273569,0.0,0
0.5037242987185736,0.026017797288972626,0.5597064407277555,0.4428643297987836,0.11684211092897195,0,-0.14812396486290788,-0.7481898539009735,0.0,1
0.5037781085345611,0.014386826443289718,0.528029786242749,0.47061207964672414,0.05741770659602485,0,-0.35991572710693137,-0.9715816905178061,0.0,0
0.5035162773224793,0.014303015728286551,0.5294392224927171,0.4693211562611348,0.060118066231582334,0,-0.36423834913340486,-0.9229332236657708,0.0,0
0.5036415956122341,0.013952060614028226,0.5309742895498921,0.47054862748059517,0.06042566206929695,0,-0.3415002083108591,-1.0480919012226,0.0,0
0.5292372147336054,0.02076921078140152,0.5749904952975005,0.48069193700382146,0.094298558293679,0,-0.06252306807863346,-0.6545488416798624,0.002,1
0.5033980587520389,0.02641841435017957,0.5562182596306875,0.44122348258166766,0.11499477704901984,0,-0.19031212833858643,-0.8203769366128046,0.0,1
0.5468842053580149,0.02170936854720554,0.586884941513404,0.49696539396149453,0.08991954755190945,0,-0.1482202458928603,-0.9826556137346052,0.0,1
0.5036729529994574,0.013881493707787162,0.5283664622829776,0.4717956526619709,0.05657080962100669,0,-0.3915297629905356,-0.8938276960474676,0.0,0
0.5314525698854259,0.017406139313731674,0.5727435121455219,0.49403071825911166,0.07871279388641023,0,0.010604248779034013,-0.9310569156050783,0.0,1
0.5386971865747434,0.0182597039568189,0.5792881929434803,0.4959604347130157,0.08332775823046462,0,-0.0771164435273177,-1.011181224492226,0.0,1
0.503688896962215,0.01390778395829532,0.5322637944466606,0.4695244137115226,0.06273938073513802,0,-0.36719675279520375,-0.8672818075497042,0.0,0
0.5037360910108939,0.025894548906360892,0.5542914686418092,0.4433395666969988,0.11095190194481042,0,-0.12071579620676394,-0.8329860127358475,0.0,1
0.5422925163321033,0.018662393317155433,0.5768115748098706,0.48712337749371004,0.08968819731616051,0,-0.0705007764489824,-1.0002436591016908,0.0,1
0.50354182928208,0.014133867159900292,0.5303032800068108,0.46756636741531343,0.06273691259149738,0,-0.3523160718576394,-0.8548221651079806,0.0,0
0.5039163103787633,0.014132748456952365,0.5370233453872547,0.47062794393512714,0.06639540145212758,0,-0.32397631992317655,-0.9128922583839132,0.0,0
0.5036010680961669,0.026137504941709397,0.5548525472292788,0.441223858251433,0.11362868897784578,0,-0.20476179520303556,-0.7617704891156372,0.0,1
0.503235151347949,0.014166928850016374,0.5287025528340685,0.4705780859157367,0.05812446691833184,0,-0.27946568892095563,-1.0275018398771547,0.0,0
0.5038222789987732,0.026357495158476123,0.5574453051145924,0.44573725569670786,0.11170804941788459,0,-0.11689451610565152,-0.8028651236958959,0.0,1
0.503553007795411,0.026222037045442955,0.561266684137321,0.4371899675143056,0.12407671662301534,0,-0.13211893739410555,-0.676307489159266,0.0,1
0.5037557699247038,0.014163689005851904,0.5294675350063497,0.4707148956640975,0.058752639342252166,0,-0.3543187932336998,-0.9841133306015295,0.0,0
0.5040566455980356,0.0261137113660311,0.5555827395456983,0.4414724632341325,0.11411027631156578,0,-0.17286244843599713,-0.8571862095428853,0.0,1
0.5036800432925326,0.02669233897194772,0.5579904117453433,0.44110727417151513,0.11688313757382812,0,-0.16053114731166984,-0.7632669669493106,0.0,1
0.5034640858215248,0.013934361275482221,0.5339582296047013,0.47175559428861696,0.06220263531608433,0,-0.28358857084569444,-1.0090489401694995,0.0,0
0.5117962696581552,0.03603328671762868,0.6784192486404825,0.46810470840829055,0.21031454023219198,29,3.060637740064223,10.183228233861465,0.0,1
0.5039493977335191,0.026386404690401807,0.5599526190258514,0.44460903507988553,0.11534358394596583,0,-0.13790878967848702,-0.8174540166524165,0.0,1
0.5303412890767496,0.015597842933150197,0.5625120928608094,0.49148954649703264,0.07102254636377675,0,-0.10118612813666689,-0.9630307029564267,0.0,1
0.5036505286528861,0.01403817493098756,0.5303709571809823,0.47213291142083885,0.05823804576014341,0,-0.36059450464795145,-0.9923861880215328,0.0,0
0.5031975201635721,0.01444635116395163,0.5340448222831147,0.46673741678390984,0.06730740549920483,0,-0.3049699580349157,-0.9293866573093386,0.0,0
0.5036743042979961,0.026127907900858807,0.5557089082053466,0.4432467443556808,0.11246216384966579,0,-0.18658429223955184,-0.7647391980570308,0.0,1
0.5036016540903778,0.014252514814957819,0.5315405687685056,0.47013989185395616,0.06140067691454948,0,-0.29255350833918564,-1.0066952647085938,0.0,0
0.5352968330748118,0.018855197860194697,0.5734842967254035,0.49273569893271185,0.08074859779269161,0,-0.03892782408826867,-1.0885596741483126,0.0,1
0.5034872273078006,0.014223643612868443,0.5307368028784897,0.46832300988905384,0.062413792989435835,0,-0.29532240235741875,-0.9224856824082495,0.0,0
0.5380337710946932,0.017783652986410173,0.57831930702487,0.4912839766412196,0.08703533038365041,0,-0.03984312224057805,-0.8650702235790835,0.0,1
0.5037669499746117,0.013843976187237504,0.5313330201210559,0.470985342156096,0.06034767796495988,0,-0.3807101831262858,-0.8969562209424171,0.0,0
0.5430604781583469,0.019348344567607756,0.5802620964115894,0.49614579950376264,0.08411629690782679,0,-0.12230735391953106,-0.9976878548568013,0.0,1
0.5037359718773947,0.013955048334898874,0.5288785881647357,0.4705726537499999,0.05830593441473575,0,-0.3785643516344374,-0.9050206001152894,0.0,0
0.5036369714930738,0.014254461464203942,0.5313948480306055,0.4691832679544442,0.062211580076161344,0,-0.33286998153693415,-0.923695956157208,0.0,0
0.5036003047629873,0.014032767662929399,0.5319070878316502,0.4701321273362416,0.06177496049540859,0,-0.3312765095171756,-0.8723016658274907,0.0,0
0.5036763333148482,0.014182708562281527,0.5338894814874716,0.47019445473930127,0.06369502674817035,0,-0.32891858825623704,-0.8743191583693921,0.0,0
0.5037186589900822,0.02616555795682575,0.5589259135233025,0.4446480036734843,0.11427790984981817,0,-0.13075426190162556,-0.7754426459329213,0.0,1
0.5036957855633775,0.01458536243018418,0.5369682018804723,0.4729679142639954,0.06400028761647691,0,-0.3009179138179611,-0.9684248330974201,0.0,0
0.5502945192129219,0.021598113082260225,0.5968732079010993,0.49558434678777247,0.10128886111332686,0,-0.2939277252876551,-0.7563045790921556,0.0,1
0.5039153854567746,0.014382991528570985,0.5339051423474355,0.4708325915852281,0.06307255076220736,0,-0.3288973706586082,-0.920798977440108,0.0,0
0.5126957030826517,0.04319256221376823,0.7002340042100919,0.4672639324120016,0.23297007179809026,26,3.3641838889292464,11.074786988402177,0.0,1
0.5040007173304301,0.02636272607858525,0.5551758173444116,0.4465659798665935,0.10860983747781805,0,-0.10061000929669014,-0.8519918752925619,0.0,1
0.503471389711088,0.01435503257763933,0.5310206351217941,0.47084861614052104,0.06017201898127306,0,-0.2929573310127859,-1.0005115403460556,0.0,0
0.5167256877268146,0.05241725894986132,0.7360598048604272,0.4722405848192314,0.2638192200411958,31,3.2351564736003344,9.674630336241355,0.0,1
0.5086767572769789,0.036474829610182134,0.7566385997697255,0.46895527283779614,0.28768332693192933,10,5.342138557628103,32.205148913368674,0.0,1
0.5039740873208697,0.01416474502776872,0.5314953334905409,0.4684968051919761,0.06299852829856478,0,-0.34644036293822367,-0.9310093121754734,0.0,0
0.5301769953517154,0.01961299965034034,0.5791690158531244,0.4761569395531512,0.10301207629997322,0,-0.05829393395687076,-0.4646436050436127,0.0,1
0.5071638771530903,0.02118429796719737,0.6056284177476243,0.47241613696869694,0.13321228077892738,3,2.190420324512522,7.740188113563454,0.0,1
0.5278707617223861,0.02025882822545727,0.577250782102597,0.4763062494378921,0.10094453266470482,0,0.029198365087435434,-0.5651071455589425,0.001,1
0.5038122322586799,0.026070415711413334,0.5587652398949211,0.4448536623385084,0.11391157755641268,0,-0.13735205373523665,-0.8418488509249031,0.0,1
0.5041083877547604,0.026330345310500394,0.5594429749017744,0.4413152763381545,0.11812769856361993,0,-0.15469705321806795,-0.7963361626637373,0.0,1
0.5035815099701926,0.02613788123967214,0.5565868623155549,0.4429486770139732,0.11363818530158165,0,-0.13202895451350732,-0.8206140594884728,0.0,1
0.5039579374608452,0.014137875519681608,0.5325072788407312,0.4714093302982038,0.061097948542527425,0,-0.32743614774101004,-0.9465472549163274,0.0,0
0.5033662020189421,0.014424097116824873,0.5323020298672421,0.46399603752464147,0.0683059923426006,0,-0.37862459073214333,-0.7788953514139836,0.0,0
0.5037839153223141,0.014155142664272103,0.5316653094902197,0.4706772766046922,0.06098803288552751,0,-0.3237771670942707,-1.0224260609462752,0.0,0
0.5449910889738147,0.019808106992442336,0.5874849633615933,0.4897921082676004,0.09769285509399289,0,-0.20532579533797005,-0.8384191838167601,0.0,1
0.5033254420848363,0.014222178612601626,0.5370605460994062,0.46884176645514175,0.06821877964426448,0,-0.2458926892308519,-0.948772486883894,0.0,0
0.5287848568720241,0.020776528522729976,0.5767762620313127,0.47684692710211424,0.09992933492919848,0,-0.17364275499312345,-0.6626325899655305,0.001,1
0.5036632786970128,0.014259234561919768,0.5326587519206728,0.4664142814679184,0.06624447045275439,0,-0.3500114398424702,-0.8644242739901444,0.0,0
0.5295934642596275,0.019460864852473638,0.5715145706615428,0.4758656996231835,0.09564887103835928,0,-0.11526739972086707,-0.5779627589342171,0.001,1
0.5123871258618207,0.03965416734620613,0.700854349263567,0.4748190028661928,0.22603534639737427,25,3.38763393865587,11.726617619290549,0.0,1
0.5033685597053231,0.014414914519740946,0.53270558290236,0.4665249096835671,0.06618067321879295,0,-0.3333690201563994,-0.8545242789583822,0.0,0
0.528654902670295,0.02076573420207741,0.5841372874279628,0.47665105728049356,0.10748623014746922,0,0.014778343676466549,-0.5497668700446212,0.0,1
0.5035315426206192,0.014041913728870082,0.5332547793340094,0.46966454732290686,0.06359023201110259,0,-0.2859601394096206,-1.0046186473332956,0.0,0
0.5076483009167926,0.02912076015560306,0.6728577901187228,0.46868147657758225,0.20417631354114057,13,3.7896777110838227,18.234907253216313,0.0,1
0.5032715524974618,0.014167954751640517,0.5287683328459033,0.4672897265214969,0.06147860632440638,0,-0.4208403074748758,-0.8167750644318943,0.0,0
0.5037938631506569,0.014018431696827168,0.5301444230081778,0.46947873046291577,0.060665692545261996,0,-0.3328938948891464,-0.9422701897542027,0.0,0
0.503921932779015,0.01476113918438044,0.5340351281935853,0.46909625520844705,0.06493887298513829,0,-0.258504639786277,-0.9403027000117614,0.0,0
0.5035106350605096,0.014134662254061382,0.5330736608909924,0.4699253551271953,0.0631483057637971,0,-0.3206584620172258,-0.9113471873463665,0.0,0
0.5394105233118637,0.0197623457320386,0.5784095492383637,0.49289435647124014,0.0855151927671236,0,-0.10514796880671344,-1.0489881172734234,0.0,1
0.5151882032719743,0.048148444728303784,0.7251109453599172,0.4680010259431347,0.25710991941678246,31,3.22676175385526,9.963026545102757,0.0,1
0.528831730976781,0.019993619962808518,0.5803133642940256,0.47769046860829917,0.10262289568572641,0,-0.13366615030903942,-0.5781528370875608,0.002,1
0.5035976551412454,0.014205996343899675,0.5358932712212189,0.4663733014066661,0.06951996981455277,0,-0.26437617842122135,-0.9425513431933372,0.0,0
